{"cameraMode":{"drawMode":0,"name":"Shaded","section":"Shading Mode"},"sceneLighting":true,"audioPlay":false,"sceneViewState":{"m_AlwaysRefresh":false,"showFog":true,"showSkybox":true,"showFlares":true,"showImageEffects":true,"showParticleSystems":true,"showVisualEffectGraphs":true,"m_FxEnabled":true},"in2DMode":false,"pivot":{"x":-3.630892276763916,"y":9.429940223693848,"z":4.089237213134766},"rotation":{"x":-0.001237627468071878,"y":-0.9985863566398621,"z":-0.026968490332365037,"w":0.04586540907621384},"size":15.086071014404297,"orthographic":false}